"","ID","high_color","low_color","task","open_response","category","aware_binary","mentioned_speed_account","color_mentioned_text","mapping_stated","justification","rater_confidence","needs_human_review"
"1","006682CE","green","pink","C","Realmente he pensado que los puntos los recibía al azar. De hecho, creía que lo que se medía era si, el fallar y perder muchos o pocos puntos afectaba de mayor o menor manera a mi rendimiento. No le he dado tampoco demasiadas vueltas al asunto","none",0,"FALSO","","","El participante dice explícitamente que pensó que los puntos se recibían “al azar” y no menciona ningún color ni una relación color?puntos; atribuye la tarea a cómo perder puntos podría afectar su rendimiento.",95,"FALSO"
"2","016468PO","blue","orange","C","En un principio pensé que estaba relacionado con la consecutividad de los aciertos, más tarde vi que no se mantenía esa hipótesis y pensé que o eran al azar o que se daban más cuando el distractor era de color azul.","correct",1,"FALSO","azul","high_more","El participante indica explícitamente que “se daban más cuando el distractor era de color azul”, lo que corresponde al mapeo real donde azul es la alta recompensa.",91,"FALSO"
"3","020314BD","pink","green","L","La verdad que en ningún momento he prestado atención a eso así como tampoco estaba preocupada por los puntos ","none",0,"FALSO","","","Indica que no prestó atención a la posible relación y que no estaba preocupada por los puntos; no menciona ningún color ni mapeo color-recompensa.",96,"FALSO"
"4","020845UA","blue","orange","L","none","none",0,"FALSO","","","El participante respondió literalmente ""none"", sin mencionar colores ni una relación entre color y puntos/recompensa.",99,"FALSO"
"5","056650JA","pink","green","L","no he pensado nada","none",0,"FALSO","","","El participante dice ""no he pensado nada"", sin mencionar colores, puntos/recompensa ni una relación entre ambos.",95,"FALSO"
"6","064165UF","orange","blue","C","Durante el experimento no he pensado que los ensayos estuvieran relacionados con ganar o perder puntos extra.
","none",0,"FALSO","","","El participante niega haber pensado que los ensayos estuvieran relacionados con ganar o perder puntos extra y no menciona ningún color ni mapeo color-recompensa.",95,"FALSO"
"7","068583XK","blue","orange","L","NO LO HE PENSADO DURANTE EL EXPERIMENTO
","none",0,"FALSO","","","El participante indica que no lo pensó durante el experimento y no menciona ninguna relación entre color y puntos ni un mapeo específico.",93,"FALSO"
"8","071627OS","blue","orange","L","Hay un momento que se me ha pasado por la cabeza que pudiera tener relación, sin embargo, me forcé a no pensar en ello por si me acababa condicionando, decidí que mi mejor estrategia era hacerlo sin pensar en nada más porque así tenía menos presión externa","none",0,"FALSO","","unclear","El participante sugiere que “pudiera tener relación”, pero no menciona colores ni describe ningún mapeo específico entre color y puntos/recompensa; además indica que evitó pensar en ello para no condicionarse.",86,"FALSO"
"9","078674JW","pink","green","C","Dependían del color rosa","correct",1,"FALSO","rosa","unclear","Indica que los puntos/recompensa dependían del color (menciona específicamente el color rosa), pero no afirma explícitamente que el rosa diera más o menos puntos que el otro color, por lo que no especifica el mapeo alta vs. baja recompensa.",9,"FALSO"
"10","106821EC","orange","blue","C","A medida que pasaban los niveles, veía que el patrón de color naranja y puntos extra se repetía de manera constante. En los niveles finales no me fijaba tanto en el color porque asocie que si era de color naranja iba a aparecer el recuadro de puntos extra. ","correct",1,"FALSO","naranja","high_more","El participante afirma explícitamente que el color naranja se asociaba de manera constante con la aparición de puntos extra (“patrón de color naranja y puntos extra… si era de color naranja iba a aparecer el recuadro de puntos extra”), lo que corresponde a que naranja daba más puntos.",96,"FALSO"
"11","116641GJ","blue","orange","C","Pensaba que cuando el distractor era azul, tenía como más tiempo para responder sin perder tantos puntos, mientras que cuando el distractor era naranja por muy rápido que contestase, no lograba tantos puntos como en el caso azul. Con los fallos era igual, fallar un azul descontaba mucho mas que un naranja","correct",1,"VERDADERO","azul, naranja","high_more","El participante afirma explícitamente que con distractor azul obtenía más puntos que con naranja (“no lograba tantos puntos como en el caso azul”) y además que fallar un azul descontaba más que un naranja, lo que indica que el azul estaba asociado a mayor magnitud de puntos (recompensa/castigo).",9,"FALSO"
"12","11860","green","pink","L","La verdad es que no lo he pensado.","none",0,"FALSO","","","El participante dice que no lo ha pensado, sin mencionar colores ni una relación entre color y puntos/recompensa.",97,"FALSO"
"13","12196","green","pink","C","Los ensayos en los que podías perder algo creo se basaban en el color. Cuando era verde, ganabas x10 lo que en el resto de ensayos ganaras, ya fuera el distractor rosa o no hubiera. ","correct",1,"FALSO","verde (y también menciona rosa)","high_more","El participante afirma explícitamente que cuando era verde se ganaba x10 comparado con el resto de ensayos, indicando que el verde daba más puntos/bonus que el otro color/condiciones.",93,"FALSO"
"14","12427","green","pink","L","No he pensado concretamente sobre si el color del distractor influía en la ganancia de puntos extra, pero tras responder a las preguntas anteriores, creo que sí, que durante el experimento pensé que cuando el distractor era rojo, quizás se proporcionaban menos puntos extra que cuando el distractor era verde.","correct",1,"FALSO","rojo, verde","unclear","El participante sugiere que la cantidad de puntos extra dependía del color (dice que con distractor rojo “quizás se proporcionaban menos puntos extra que… verde”), pero no menciona el color real del par (verde vs rosa) ni establece explícitamente el mapeo correcto para ese participante; además introduce un color fuera del par (rojo).",86,"FALSO"
"15","12454","pink","green","L","Durante el experimento en sí no me he planteado ninguna cuestión, aunque a posteriori sí.
No he seguido ningún truco si es que lo hubiese.","none",0,"FALSO","","","El participante indica que durante el experimento no se planteó ninguna cuestión y que no siguió ningún truco, sin mencionar colores ni relación entre color y puntos/recompensa.",93,"FALSO"
"16","13384","green","pink","L","none","none",0,"FALSO","","","El participante respondió únicamente ""none"", sin mencionar colores, puntos ni ninguna relación entre color y recompensa/castigo.",99,"FALSO"
"17","13975","green","pink","L","A lo largo de cada bloque, he visto como cada vez que aparecía el círculo verde, se daban los puntos extras, y de hecho cada vez que salía en verde trataba de darle incluso más rápido a la respuesta que creía correcta. ","correct",1,"VERDADERO","círculo verde / en verde","high_more","El participante afirma explícitamente que cuando aparecía el círculo verde “se daban los puntos extras”, indicando que el verde estaba asociado a mayor recompensa. También menciona que intentaba responder más rápido cuando salía verde.",95,"FALSO"
"18","13984","blue","orange","L","La verdad es que no he pensado en que momento podía ganar puntos o no, pero el hecho de ganarlos me motivaba a ir mas deprisa ","none",0,"VERDADERO","","","El participante dice que no pensó en qué momento podía ganar puntos o no, y atribuye su motivación a ir más deprisa cuando ganaba puntos, sin mencionar ningún color ni una relación color?puntos.",92,"FALSO"
"19","13987","pink","green","C","Si he pensado que los puntos extras podían estar relacionados con el distractor. También he pensado que estos puntos extras podrían estar relacionados con la posición del rombo.","none",0,"FALSO","","unclear","El participante sugiere que los puntos extra podían estar relacionados con el distractor (posiblemente su color), pero no menciona ningún color específico (rosa/verde) ni establece qué color daba más o menos puntos; además plantea otra posible fuente (posición del rombo).",9,"FALSO"
"20","14092","pink","green","C","de mi rapidez","none",0,"VERDADERO","","","El participante atribuye los puntos únicamente a su rapidez (“de mi rapidez”) y no menciona ningún color ni una relación color-recompensa.",95,"FALSO"
"21","14113","orange","blue","L","He pensado que cuando recibía puntos extra había algún círculo con color, pero no que dependía de si fuese azul o naranja.","none",0,"FALSO","azul o naranja","","Indica que notó puntos extra cuando había algún círculo con color, pero explícitamente niega que dependiera de si era azul o naranja, por lo que no reporta una relación color?recompensa ni un mapeo específico.",91,"FALSO"
"22","144347EX","orange","blue","C","He tenido la sensación de que se preguntaba más veces de que color era el distractor cuando este era naranja, a parte de eso, no he notado de dependiese de nada","none",0,"FALSO","naranja","","Menciona que se preguntaba más veces por el color del distractor cuando era naranja, pero explícitamente dice que aparte de eso no ha notado que dependiese de nada. No indica relación color-puntos ni un mapeo de recompensa/castigo por color.",9,"FALSO"
"23","146206BP","green","pink","C","No he pensados sobre el tema, estaba enfocándome en poner bien los colores y las formas ","none",0,"FALSO","colores","","Dice que no ha pensado sobre el tema y que estaba enfocado en poner bien los colores y las formas; no menciona puntos/bonos ni ninguna relación color-recompensa.",9,"FALSO"
"24","153368DX","pink","green","L","Creo que dependían del color, ya que, el color rojo es más fácil de detectar que el verde","correct",1,"FALSO","rojo, verde","unclear","El participante sugiere que los puntos dependían del color, pero no indica explícitamente qué color daba más o menos puntos. Además menciona rojo (fuera del par real pink/green) y atribuye la diferencia a facilidad de detección, no a un mapeo de puntos por color.",88,"FALSO"
"25","160857SU","green","pink","C","He pensado que cuando presionaba el boton ""B"" a veces obtenia mas puntos","none",0,"FALSO","","","El participante atribuye la variación de puntos a presionar el botón ""B"" y no menciona ningún color ni una relación color?puntos; por tanto no reporta conciencia del mapeo por color.",9,"FALSO"
"26","167400VT","orange","blue","C","Creia que cuando acertaba varias veces de forma rápida era cuando se iba a preguntar el color ","none",0,"VERDADERO","el color","","Atribuye que se preguntaba el color a haber acertado varias veces rápido, sin indicar que los puntos/bonus dependieran de un color específico ni mencionar un mapeo naranja/azul.",9,"FALSO"
"27","167805PX","green","pink","C","Me he preguntado por que a veces sumaban mas pero no me he tomado tiempo en pensar que podría haber un patrón específico","none",0,"FALSO","","","El participante solo comenta que a veces sumaban más pero que no se tomó tiempo en pensar si había un patrón; no menciona ningún color ni una relación explícita color?puntos.",91,"FALSO"
"28","18004","orange","blue","L","No he pensado sobre esa cuestión.","none",0,"FALSO","","","El participante indica que no ha pensado sobre la cuestión, sin mencionar colores ni relación alguna entre color y puntos/recompensa.",95,"FALSO"
"29","19252","orange","blue","C","none","none",0,"FALSO","","","El participante respondió literalmente ""none"", sin mencionar colores, puntos/recompensa ni ninguna relación color-recompensa.",99,"FALSO"
"30","19381","blue","orange","C","none","none",0,"FALSO","","","El participante respondió literalmente ""none"", sin mencionar colores ni relación entre color y puntos/recompensa.",98,"FALSO"
"31","20821","orange","blue","L","No he pensado eso sinceramente, solo estaba pendiente de darle a las teclas adecuadas y recordar bien las instrucciones.","none",0,"FALSO","","","El participante dice que no lo pensó y que solo estaba pendiente de pulsar las teclas adecuadas y recordar las instrucciones; no menciona colores ni relación color-puntos.",94,"FALSO"
"32","232134EC","blue","orange","L","En ningun momento he podido pensar que los puntos extras tenian relación con algo más alla del tiempo de respuesta","none",0,"VERDADERO","","","El participante niega una relación distinta al tiempo de respuesta: indica que no pudo pensar que los puntos extra tuvieran relación con algo más allá del tiempo, sin mencionar colores ni un mapeo color-recompensa.",93,"FALSO"
"33","234883TW","orange","blue","C","He pensado constantemente que la adquisición de puntos extra estaba relacionada con la presencia de distractores (colores naranja o azul) en el ensayo. Me atrevería incluso a decir que, durante los bloques, pensaba que el color naranja era más frecuente que el color azul a la hora de las preguntas de los ensayos de reporte, e incluso, que un acierto de un ensayo con un distractor naranja, implicaba un mayor aumento de puntos ganados en comparación con el distractor color azul. ","correct",1,"FALSO","naranja o azul","high_more","El participante afirma explícitamente que un acierto con distractor naranja implicaba un mayor aumento de puntos ganados en comparación con el distractor azul, lo que coincide con el mapeo real (alta recompensa = naranja; baja = azul).",93,"FALSO"
"34","23938","orange","blue","C","none","none",0,"FALSO","","","El participante escribió explícitamente ""none"", sin mencionar colores ni relación entre color y puntos/recompensa.",99,"FALSO"
"35","23974","green","pink","L","Me vino un pensamiento sobre los fallos. A lo mejor, cada vez que fallara el siguiente era de puntos extra","none",0,"FALSO","","","El participante no menciona ningún color ni un mapeo color?puntos; solo especula que tras fallar el siguiente intento podía dar puntos extra.",92,"FALSO"
"36","24088","pink","green","C","En si cambiababa de manera muy drástica la posición del rombo","none",0,"FALSO","","","El participante solo menciona que cambiaba drásticamente la posición del rombo, sin referirse a colores ni a puntos/recompensa ni a un mapeo color-recompensa.",93,"FALSO"
"37","24193","green","pink","C","none","none",0,"FALSO","","","El participante respondió literalmente ""none"", sin mencionar colores, puntos/recompensa ni ninguna relación color-recompensa.",99,"FALSO"
"38","24319","pink","green","C","Creo que dependían del nivel de atención puesto en éstos sobre los otros que no daban puntos extras, como una forma de incitar a responder correctamente","none",0,"FALSO","","","Atribuye los puntos extra al nivel de atención o a responder correctamente, sin mencionar colores ni una relación color?puntos.",9,"FALSO"
"39","24475","blue","orange","L","Yo creo que cuando la barrita del fondo era horizontal el color era naranja y cuando era vertical ,el color era azul.Pero no he llegado a pensar en que preguntas y por que me daban puntuacion extra o me restaban.Pensaba que era al azar","none",0,"FALSO","naranja, azul","","Menciona los colores (naranja/azul) en relación con la orientación de la barra, pero explícitamente dice que no pensó en por qué le daban o restaban puntuación extra y que pensaba que era al azar; no atribuye la puntuación al color ni da un mapeo color-recompensa.",93,"FALSO"
"40","24574","green","pink","L","Durante el experimento no se me ha pasado por la cabeza la idea de que las sumas o restas de puntos dependían de algo, pensaba que era algo al azar. ","none",0,"FALSO","","","El participante afirma que no pensó que las sumas o restas de puntos dependieran de algo y que creía que era al azar, negando una relación con el color o cualquier mapeo específico.",98,"FALSO"
"41","24688","green","pink","C","Durante el experimento he pensado que a lo mejor los ensayos en los que podía ganar puntos extra dependían de la racha de aciertos que llevaba.","none",0,"FALSO","","","Atribuye los puntos extra a la ""racha de aciertos"" (desempeńo) y no menciona ningún color ni una relación color?puntos.",93,"FALSO"
"42","24739","blue","orange","L","Durante el experimento pensaba que debía haber algún mecanismo para los puntos extra, pero cada vez que lo pensaba fallaba, por lo que decidí dejar de pensar en ello y decir para mí que solo consistía en azar.","none",0,"FALSO","","","El participante dice que pensó que podía haber un mecanismo para los puntos extra, pero finalmente concluyó que era azar y decidió dejar de pensar en ello. No menciona colores ni un mapeo color-recompensa.",93,"FALSO"
"43","25165","orange","blue","C","Durante el experimento he pensado que el ganar puntos extra podía estar relacionado con la cantidad de aciertos anteriores. E","none",0,"FALSO","","","El participante atribuye los puntos extra a la cantidad de aciertos anteriores, sin mencionar colores ni una relación color-recompensa.",92,"FALSO"
"44","25351","blue","orange","C","Aunque pensaba que los puntos estaban relacionados con el tiempo en que tardaba en elegir una respuesta u otra me confundía que, a veces, aunque tardaba poco no me los dieran.","none",0,"VERDADERO","","","Atribuye los puntos al tiempo de respuesta y expresa confusión cuando a veces no los recibía pese a responder rápido; no menciona colores ni un mapeo color->puntos.",94,"FALSO"
"45","25357","blue","orange","L","En la mayoría de ocasiones, los puntos extra se conseguían cuando salían los colores, o esa era mi impresión, sobre todo cuando salía el color azul, por lo que intentaba fijarme más","correct",1,"FALSO","azul","unclear","El participante indica que su impresión era que los puntos extra se conseguían cuando aparecían ciertos colores y menciona especialmente el azul, pero no afirma explícitamente que el azul diera MÁS puntos que el otro color del par (no establece un mapeo color?más/menos puntos de forma explícita).",84,"FALSO"
"46","25633","blue","orange","C","none","none",0,"FALSO","","","El participante respondió literalmente ""none"", sin mencionar colores, puntos/recompensa ni ninguna relación color-recompensa.",99,"FALSO"
"47","25693","green","pink","C","Durante el experimento, no he pensado sobre esta cuestión. Me he dedicado a responder lo más rápido posible y a retener el color que había visto. ","none",0,"VERDADERO","el color","","El participante dice que no pensó sobre la cuestión y que se dedicó a responder lo más rápido posible y a retener el color visto; no menciona ninguna relación entre color y puntos ni un mapeo específico (verde/rosa).",9,"FALSO"
"48","25708","blue","orange","C","He pensado que los puntos extras ocurrían cuando se presentaba el distractor naranja mayormente.","none",0,"FALSO","naranja","low_more","El participante afirma que los puntos extras ocurrían mayormente cuando aparecía el distractor naranja, indicando que el naranja daba más puntos. En el mapeo real, el naranja era baja recompensa y el azul era alta recompensa, por lo que el mapeo reportado no coincide.",93,"FALSO"
"49","25711","orange","blue","L","He pensado que no entendía el sistema de puntos pero tampoco me iba a poner a buscar la explicación porque quería estar atenta a la prueba en sí.","none",0,"FALSO","","","La participante indica que no entendía el sistema de puntos y no buscó explicación; no menciona colores ni una relación color-puntos, ni un mapeo específico.",95,"FALSO"
"50","25744","blue","orange","C","No he pensado sobre ello durante el experimento","none",0,"FALSO","","","El participante dice que no pensó sobre ello durante el experimento y no menciona ninguna relación entre color y puntos ni un mapeo específico.",92,"FALSO"
"51","25765","pink","green","L","Durante el experimento he sido consciente de que se me sumaban más puntos en algunos momentos que en otros, pero no he pensado la razón al estar altamente concentrada en la tarea. 
","none",0,"FALSO","","","La participante solo indica que a veces se sumaban más puntos que en otros momentos, pero explícitamente dice que no pensó la razón y no menciona ningún color ni una relación color-puntos.",92,"FALSO"
"52","25774","green","pink","C","La verdad es que en ningún momento he estado pensando sobre si el color que aparecería sería rosa o verde. Estaba pensando que quería terminar relativamente pronto, me he acordado de los animales de experimentación animal y creo que he empatizado un poco con los ratones de laboratorio, además pensaba en todo lo que tengo que hacer (aunque he intentado concentrarme pero la verdad que son las 19:00 de la tarde de un día laboral intenso). Muchas gracias, espero que los resultados os sirvan.  ","none",0,"FALSO","rosa o verde","","El participante menciona los colores (rosa/verde) pero no indica ninguna relación entre color y puntos/recompensa; describe pensamientos y deseo de terminar pronto sin hablar de puntos ni mapeo color-recompensa.",9,"FALSO"
"53","25780","pink","green","C","He pensado que sucedía solo cuando el color del distractor era rosa, aunque durante algún momento he dudado sobre si sucedía cuando el color del distractor era rosa y el anterior había sido verde.","correct",1,"FALSO","rosa; verde","unclear","El participante sugiere que el efecto (puntos/bonus) ocurría cuando el distractor era rosa y duda si dependía de rosa y del color anterior verde, pero no afirma explícitamente que el rosa diera MÁS puntos que el verde ni especifica un mapeo claro color?magnitud de recompensa/castigo.",88,"FALSO"
"54","25792","blue","orange","L","none","none",0,"FALSO","","","El participante respondió literalmente ""none"" sin mencionar colores, puntos/recompensa ni ninguna relación entre ellos.",98,"FALSO"
"55","262175XK","pink","green","C","No he pensado sobre esto durante el experimento, pero sí me llamaba la atención como en algunas ocasiones recibía tantos puntos y en otras ocasiones 0.","none",0,"FALSO","","","El participante dice que no pensó sobre ello durante el experimento y solo notó variación en puntos (a veces muchos, otras 0) sin atribuirlo a ningún color ni indicar un mapeo color-recompensa.",92,"FALSO"
"56","274072MC","orange","blue","L","he pensado que podían depender del tiempo de reacción que tuviera","none",0,"VERDADERO","","","Atribuye la variación a su tiempo de reacción (“podían depender del tiempo de reacción”), sin mencionar colores ni un mapeo color?puntos.",92,"FALSO"
"57","316736JX","blue","orange","C","No he pensado nada sobre esa cuestión mientras realizada el experimento.","none",0,"FALSO","","","El participante indica que no pensó nada sobre esa cuestión durante el experimento, sin mencionar colores ni relación con puntos/recompensa.",93,"FALSO"
"58","320862OL","orange","blue","L","He pensado que eran eventos aleatorios. Al principio pensaba que eran recompensas por responder rápido, pero vi que no.","none",0,"VERDADERO","","","El participante dice que los puntos eran eventos aleatorios y descarta la idea inicial de que fueran recompensas por responder rápido; no menciona ningún color ni una relación color-recompensa.",92,"FALSO"
"59","353842WF","orange","blue","C","Cuando no había distractor nunca se ganaban puntos extra. En cuanto a cuándo se ganaban los puntos extra si había distractor ya no tengo ni idea, pero en la mayoría de ensayos se podía ganar puntos extra. ","none",0,"FALSO","","","El participante menciona puntos extra en presencia/ausencia de distractor, pero dice que no tiene idea de cuándo se ganaban si había distractor y no menciona ningún color ni un mapeo color?recompensa.",93,"FALSO"
"60","362868UO","orange","blue","L","No he pensado sobre esta cuestión ya que estaba centrada en acertar lo máximo posible y no quería distraerme con ningún otro pensamiento.","none",0,"FALSO","","","La participante dice que no pensó sobre esa cuestión porque estaba centrada en acertar y no menciona ninguna relación entre color y puntos ni ningún mapeo específico.",93,"FALSO"
"61","377030SN","blue","orange","L","sinceramente me han parecido aleatorios o creia q a lo mejor estaba relacionado con el tiempo de respuesta pero habia veces q tenia bono y la respuesta habia sido mas lenta q en otros sin bono, siendo honesta, he prestado bastante poca atencion a los distractores por lo q ni siquiera me he parado a analizar de q color eran, llegue a pensar en un momento viendolos de refilon q  dependiendo del color estaba en la izq o drcha, pero evidentemente no creo q sea asi.","none",0,"VERDADERO","","","La participante dice que los bonos le parecieron aleatorios y que pensó que podían estar relacionados con el tiempo de respuesta; además indica que no prestó atención a los distractores ni a su color y no establece ningún mapeo color->puntos (solo menciona vagamente que quizá el color se relacionaba con izquierda/derecha pero lo descarta).",9,"FALSO"
"62","416843EP","pink","green","C","No he pensado que los puntos extras dependian de algo","none",0,"FALSO","","","El participante dice que no pensó que los puntos extra dependieran de algo, negando una relación sistemática (no menciona colores ni un mapeo).",95,"FALSO"
"63","432886IN","green","pink","L","En realidad pensaba que después de no aparecer ningún color distractor era cuando podía ganar los puntos extra","none",0,"FALSO","","","El participante atribuye los puntos extra a la ausencia de un distractor de color (“después de no aparecer ningún color distractor”), sin mencionar ningún color específico ni un mapeo color?puntos.",93,"FALSO"
"64","447847KN","pink","green","L","Creo que la puntuación únicamente servía como motivación para realizar de la mejor manera posible la tarea. Las puntuaciones que se sumaban o restaban cuando acertaba o fallaba se sumaban o restaban un número al azar. Al principio pensé que cuanto más rápido respondía bien, más puntos obtenía, pero a medida que iba realizando la actividad he ido viendo que aunque respondiera a la misma velocidad, los puntos sumados no eran iguales. ","none",0,"VERDADERO","","","El participante niega una relación sistemática y atribuye la variación de puntos a un número al azar; solo menciona que inicialmente pensó que dependía de la rapidez, pero luego lo descartó. No menciona colores ni un mapeo color-recompensa.",95,"FALSO"
"65","467688QR","orange","blue","C","No he pensado en que pudiera haber una relación, estaba centrada en el rombo y en los colores por si luego salía la R y me preguntaban","none",0,"FALSO","los colores","","La participante dice explícitamente que no pensó en que pudiera haber una relación y no menciona puntos/bonificaciones ni un mapeo color-recompensa específico (solo que estaba centrada en el rombo y los colores por la posible pregunta con la R).",93,"FALSO"
"66","468374HG","green","pink","C","Me extrańo lo de los puntos extra y pensé en los colores, pero como estaba concentrada en el experimento tampoco le di mas vueltas","none",0,"FALSO","","unclear","La participante dice que le extrańaron los puntos extra y que pensó en los colores, pero no especifica qué color (verde o rosa) daba más o menos puntos ni afirma un mapeo concreto color?recompensa.",9,"FALSO"
"67","503535JW","pink","green","L","Yo me he dado cuenta que cuando el distractor era de color rojo, me daban puntos extras. Aunque a lo largo del experimento he pensado la psoibilidad de que cuanto más cerca o lejos estuviera el distractor del rombo también podía afectar al sumatorio, pero no he sabido ver estaba en lo cierto. Y me he dado cuenta también que cuando no había distractor obtenías menor puntuación que si había.","correct",1,"FALSO","rojo","unclear","El participante afirma explícitamente que con distractor de color rojo le daban puntos extra. Sin embargo, el mapeo real para este participante era rosa (alta recompensa) y verde (baja), por lo que el mapeo declarado no coincide con el real y además usa un color fuera del par relevante.",9,"FALSO"
"68","513588IN","pink","green","L","No he pensado que el color tuviera mucha importancia. Creo que importaba más la posición del rombo y la del distractor","none",0,"FALSO","el color","","Niega que el color tuviera importancia y atribuye el desempeńo a la posición del rombo/distractor; no menciona relación color-puntos ni un mapeo específico.",93,"FALSO"
"69","517875XD","pink","green","C","En varias ocasiones pensé que el color rosa estaba relacionado con los puntos extra que conseguía. Aunque en algunas ocasiones era el verde quien los daba. ","none",0,"FALSO","rosa, verde","unclear","El participante sugiere una relación entre el color (rosa/verde) y los puntos extra, pero expresa duda/inconsistencia (“pensé que…”, “aunque… era el verde”), sin afirmar explícitamente un mapeo claro de qué color daba más puntos de forma consistente.",84,"FALSO"
"70","521018NO","pink","green","L","En las primeras rondas no lo pensé, de hecho suponía que estaba relacionado con mi tiempo de respuesta, pero en las siguientes rondas, fui dándome cuenta de que parecía que se repetía un patrón: cuando el color dl distractor era rosa, parecía sumar muchos más puntos que cuando era verde, a pesar de que quizá hubiese tardado menos con el segundo. No obstante, en alguna de las ocasiones, se ganaban 0 puntos o mi suposición no se cumplía. Intentaba asociarlo de nuevo a mi TR, aunque no estoy segura de que se debiera a eso","correct",1,"VERDADERO","rosa, verde","high_more","La participante afirma explícitamente que cuando el distractor era rosa ""parecía sumar muchos más puntos"" que cuando era verde, incluso controlando que a veces respondía más rápido con el verde. Esto coincide con el mapeo real (rosa = alta recompensa; verde = baja).",9,"FALSO"
"71","535336MN","green","pink","L","Yo creo que dependían de algo pero exactamente no se de que. Yo creo que dependían del color pero tampoco pensaba mucho en ello sino que cuando salía pues seguía haciéndolo igual que antes","none",0,"FALSO","","unclear","El participante sugiere que los puntos “dependían del color”, pero dice que no sabe exactamente de qué y no especifica ningún mapeo concreto (p. ej., verde más que rosa).",9,"FALSO"
"72","537354YQ","blue","orange","L","Pensaba que los puntos que te daban era aleatorios porque algunas veces te dan 300 puntos por responder rápido y otras veces 30 o 40. No he pensado para minada en el color, pero si es verdad que cuando aparece el color azul recuerdas menos dónde estaba.","correct",1,"VERDADERO","color azul","","El participante dice que pensaba que los puntos eran aleatorios y los atribuye a responder rápido (300 vs 30/40). Además afirma explícitamente que no ha pensado en el color; solo menciona que con el color azul se recuerda menos la ubicación, sin relacionarlo con puntos/recompensa.",93,"FALSO"
"73","537582GF","green","pink","L","Durante el ensayo, estaba tan concentrada en teclear correctamente las letras que, sinceramente, nu cuenta me he dado de lo que variaba en la puntuación extra. Cierto es que no sabía de lo que dependía pero he pensado que podría ser cuando llevabas x números de aciertos seguidos. ","none",0,"FALSO","","","La participante dice que no se dio cuenta de qué variaba la puntuación extra y propone que quizá dependía de llevar varios aciertos seguidos, sin mencionar colores ni un mapeo color?puntos.",93,"FALSO"
"74","538664RD","orange","blue","L","Pensaba que te daban más puntos cuanto más rápido respondías.","none",0,"VERDADERO","","","Atribuye los puntos a la rapidez de respuesta (“cuanto más rápido respondías”) y no menciona ningún color ni una relación color?puntos.",95,"FALSO"
"75","541765MJ","green","pink","L","La verdad que no he pensado en ningún momento sobre eso, lo que sí he pensado es que los puntos me parecían arbitrarios y que no se relacionaban con las respuestas que estaba dando a veces, simplemente que funcionaban para motivarme o no","none",0,"FALSO","","","El participante dice que no pensó en una relación y que los puntos le parecían arbitrarios/no relacionados con sus respuestas, sin mencionar colores ni ningún mapeo color-recompensa.",94,"FALSO"
"76","572138MQ","blue","orange","L","No he pensado en eso.","none",0,"FALSO","","","El participante dice ""No he pensado en eso"", sin mencionar colores ni una relación entre color y puntos/recompensa.",96,"FALSO"
"77","572622AB","blue","orange","L","Creo que la ganancia de los puntos extras se producían unicamente cuando los distractores eran presentados con círculos de color azul","correct",1,"FALSO","azul","high_more","El participante afirma que los puntos extra se obtenían únicamente cuando los distractores eran de color azul, identificando explícitamente que el azul se asociaba con más recompensa, lo cual coincide con el mapeo real (alta recompensa = azul).",92,"FALSO"
"78","581026CQ","green","pink","L","He pensado que igual ocurría cuando había distractores, pero no cuando no había nignuna figura de color, aunque no me he fijado si ocurría en los ensayos en los que la figura era verde o rosa.","none",0,"FALSO","verde o rosa","unclear","El participante sugiere que podía haber una relación con la presencia de distractores/figuras de color y menciona explícitamente los colores verde y rosa, pero afirma que no se fijó en si ocurría en los ensayos con verde o con rosa; no especifica qué color daba más o menos puntos.",9,"FALSO"
"79","581286DQ","orange","blue","C","Solo he pensado que cuando aparecía el distractor naranja o azul era cuando daba puntos extra","none",0,"FALSO","naranja o azul","unclear","El participante indica que cuando aparecía el distractor naranja o azul era cuando daba puntos extra, sugiriendo una relación entre color y puntos, pero no especifica cuál de los dos colores (naranja vs azul) daba más/menos puntos.",93,"FALSO"
"80","5bf01b3e2a9d2c00013ddc2a","blue","orange","L","Sí, durante el experimento he percibido que el color azul podía darme puntos extra; mientras que el color naranja, podía quitarme más puntos. No he pensado, sin embargo, en la frecuencia con la que aparecían los colores.","correct",1,"FALSO","azul; naranja","high_more","El participante afirma explícitamente que el color azul podía dar puntos extra y que el naranja podía quitar más puntos, lo que coincide con el mapeo real (alta recompensa: azul; baja: naranja).",95,"FALSO"
"81","5d373c58d8bf24001dc16884","orange","blue","L","Sí, durante el mismo experimento ya pensé que cuando el distractor salía en color naranja ganaba más puntos.","correct",1,"FALSO","naranja","high_more","El participante afirma explícitamente que cuando el distractor era de color naranja ganaba más puntos, lo cual coincide con que naranja es el color de alta recompensa para este participante.",98,"FALSO"
"82","5d60061e45714d00019ad6a4","green","pink","C","La verdad es que no, solo estaba concentrado en responder bien.","none",0,"FALSO","","","El participante niega haber notado una relación (“La verdad es que no”) y atribuye su enfoque a “responder bien”, sin mencionar colores ni un mapeo color-puntos.",94,"FALSO"
"83","5dfb75507caa1e89ad5df828","orange","blue","C","creo que siempre fueron aleatorios","none",0,"FALSO","","","El participante indica que los puntos “siempre fueron aleatorios”, negando una relación sistemática entre color y puntos, y no menciona ningún color ni mapeo.",95,"FALSO"
"84","5e5c993cd0394c474f7cc502","blue","orange","C","a partir del tercer bloque empexaba a poner atencion extra a los circulos azules porque parecian tener los puntos extras","correct",1,"FALSO","circulos azules","high_more","El participante dice que empezó a prestar atención a los círculos azules porque “parecían tener los puntos extras”, indicando explícitamente que el azul daba más puntos, lo cual coincide con el mapeo real (azul = alta recompensa).",93,"FALSO"
"85","5e830b929f2ed2018ec42099","orange","blue","C","Nunca pensé que afectaban, creí que era al azar.","none",0,"FALSO","","","El participante niega una relación entre el color y los puntos (“Nunca pensé que afectaban, creí que era al azar”) y no menciona ningún color ni mapeo específico.",94,"FALSO"
"86","5ea66d70b8b1aa67d638b824","blue","orange","C","Previamente no había pensado en esta cuestión. Mi mente estaba ocupada recordando el color del distractor en cada ejercicio mientras que mantenía la concentración en la pantalla.","none",0,"FALSO","color del distractor","","El participante dice que no había pensado en esa cuestión y solo estaba concentrado en recordar el color del distractor; no menciona puntos, recompensa/castigo ni ninguna relación color-recompensa.",9,"FALSO"
"87","5ecc71c95c92c2000a9e9a19","green","pink","C","Me di cuenta que los distractores de color verde daban más puntos y, además, eran los únicos que mostraban  un mensaje amarillo, mientras que los rojos daban menos de 100 puntos y no mostraban ningún mensaje, por lo que era más sencillo identificar los colores sin necesidad de prestarles demasiada atención.","correct",1,"FALSO","verde, rojos","high_more","El participante afirma explícitamente que los distractores verdes daban más puntos y contrasta con otro color (rojos) que daban menos, indicando una relación color-recompensa y especificando el mapeo con verde como el que da más puntos.",9,"FALSO"
"88","5ed02ffb8090240f93ab74ad","pink","green","C","Durante el experimento he pensado que los ensayos en los que se podía ganar puntos extra eran aquellos en los que el distractor era de color rosa.","correct",1,"FALSO","rosa","high_more","El participante afirma explícitamente que los ensayos con distractor rosa eran aquellos en los que se podía ganar puntos extra, indicando que el color rosa se asociaba con mayor recompensa. Esto coincide con el mapeo real (alta recompensa = rosa).",96,"FALSO"
"89","5f9e4fcd32203d402fdfeb9c","orange","blue","C","En la segunda tanda de experimentos comencé a prestar atención a si había un patrón en relación a los puntos extra, y me di cuenta que tenía que ver con la aparición del distractor naranja","correct",1,"FALSO","naranja","unclear","El participante indica que los puntos extra parecían relacionarse con la aparición del distractor naranja, pero no afirma explícitamente que el naranja diera más (o menos) puntos en comparación con el otro color.",86,"FALSO"
"90","5fb9adb28a52968d9f561808","green","pink","L","Solo pnesé que dependia de la rapidez de mi reespuesta al ensayo.","none",0,"VERDADERO","","","El participante atribuye los puntos a la rapidez de su respuesta y no menciona ninguna relación con el color ni un mapeo color-recompensa.",95,"FALSO"
"91","606167NK","blue","orange","C","Creo que te daba mas puntos también en funcion de la posición de distractor. Si el distractor estaba cerca del traget entonces eran menos puntos","none",0,"FALSO","","","El participante atribuye los puntos a la posición/proximidad del distractor al target (cerca = menos puntos) y no menciona ningún color ni una relación color-puntos.",95,"FALSO"
"92","607728dc0b4f8590b94ae57c","blue","orange","C","Me di cuenta que los puntos extras se otorgaban solo en las rondas en las que el distractor era de color azul.","correct",1,"FALSO","azul","high_more","El participante afirma explícitamente que los puntos extras se otorgaban solo cuando el distractor era azul, identificando a azul como el color asociado a mayor recompensa, lo cual coincide con el mapeo real (alta recompensa = azul).",93,"FALSO"
"93","607893faf75b80c8b2a14613","pink","green","C","Creo que la cantidad de puntos extras dependia del color del distractor y the la direción de la diagonal en el distractor.","none",0,"FALSO","","unclear","El participante indica que los puntos extra dependían del color del distractor (y también de la dirección de la diagonal), pero no especifica qué color (rosa vs. verde) daba más o menos puntos, por lo que no se puede verificar el mapeo correcto.",93,"FALSO"
"94","608f0f2703a37aceaf891392","pink","green","L","Sí, pensé en esta posibiilidad, pero no la asocié con el color del circulo, sino con cuando había circulos distractores y cuando no los había.","none",0,"FALSO","","","El participante dice explícitamente que no lo asoció con el color del círculo, sino con la presencia o ausencia de círculos distractores. No indica ningún mapeo color-recompensa.",9,"FALSO"
"95","60984a1b0cce76d16c4ca781","pink","green","C","no, no creo que dependieran de nada, no pensaba que estuviera relacionado con ganar si el color era rosa o verde","none",0,"FALSO","rosa o verde","","El participante niega explícitamente cualquier relación entre el color (rosa o verde) y ganar/puntos: ""no creo que dependieran de nada"" y ""no pensaba que estuviera relacionado con ganar"". No indica ningún mapeo color-recompensa.",95,"FALSO"
"96","60b531caec9b22e6e7dbe7c3","blue","orange","C","Las únicas ocasiones en donde me llegaron pensamientos durante el experimento fue cuando tenía algún error, que casi siempre era porque me lograba distraer, entonces cuando perdía pensaba algo como ''rayos'', pero podía seguir adelante. También creo que la primera prueba después de oprimir la barra espaciadora para empezar una nueva ronda, se me dificultaba un poco por tener que volver a transicionar al experimento aunque solo hayan pasado segundos, repito, eso solo con la primerísima prueba de cada ronda, ya después todo fluía bien.","none",0,"FALSO","","","El participante describe distracciones, errores y dificultad al inicio de cada ronda, pero no menciona colores ni puntos/bonos/castigos, ni sugiere una relación color-recompensa.",95,"FALSO"
"97","60b75660b357c3c448d05429","blue","orange","L","Sí, bajo mi percepción dependían si fallaba una o varios ensayos de forma consecutiva, cuando eso ocurría, por lo general, aparecían ensayos que daban puntos extra y recuperaba los puntos perdidos. De igual modo, me di cuenta durante el inicio del experimento que los ensayos con puntos extra tenían relación con el color azul.","correct",1,"FALSO","color azul","high_more","El participante indica explícitamente que “los ensayos con puntos extra tenían relación con el color azul”, atribuyendo más puntos/bonus al azul, lo cual coincide con el mapeo real (alta recompensa = azul).",9,"FALSO"
"98","60d0c85826ef72e1f37e5fda","orange","blue","C","No pense que dependieran de algo en específico simplemente intuí después de la segunda ronda que vendrían de 2 a 3 veces por bloque","none",0,"FALSO","","","El participante niega que los puntos dependieran de algo específico y no menciona ningún color ni un mapeo color-recompensa; solo comenta una intuición sobre la frecuencia (2 a 3 veces por bloque).",9,"FALSO"
"99","6130","orange","blue","C","Creo que no dependían, pero sí que es cierto que cuando aparecía el color naranja daban más veces puntos extras","correct",1,"FALSO","color naranja","high_more","Aunque inicialmente dice que cree que no dependían, explícitamente afirma que cuando aparecía el color naranja daban más veces puntos extras, indicando que naranja se asocia a mayor recompensa.",9,"FALSO"
"100","613a469755c08ab3b9d682ad","orange","blue","C","Cuando el distractor era color rojo me daban mas puntos o me quitaban mas si me equivocaba","correct",1,"FALSO","rojo","unclear","El participante afirma explícitamente que cuando el distractor era rojo le daban más puntos o le quitaban más si se equivocaba. Sin embargo, el par real de colores era naranja (alta) y azul (baja); no menciona naranja/azul y atribuye el efecto a un color (rojo) que no corresponde al mapeo real.",86,"FALSO"
"101","613a972033d79df11a6570de","orange","blue","C","Pensé que cuando el distractor estaba cerca del rombo me podía confundir más facilmente sobre la orientación de la línea en este. También creí que el color rojo era un confusor más fuerte que el azul.","none",0,"FALSO","rojo, azul","","El participante comenta que el distractor cerca del rombo lo confundía y que el color rojo era un confusor más fuerte que el azul, pero no menciona puntos/bonus/castigo ni una relación color-recompensa (además no menciona naranja).",92,"FALSO"
"102","614136TX","blue","orange","L","Pensaba que estaba un poco relacionado con que el distractor fuera de color azul. Es decir, que habías más probabilidades.","correct",1,"FALSO","azul","unclear","El participante sugiere una relación con que el distractor fuera de color azul (“un poco relacionado… más probabilidades”), pero no menciona explícitamente que el azul diera más (o menos) puntos/bonus/castigo ni especifica un mapeo color?recompensa.",88,"FALSO"
"103","615b8628e36642dc441f4711","pink","green","C","Creo que no he llegado a pensar sobre eso, la verdad. En todo caso quizá en algún momento me pareció que había más verdes que rosas... pero luego sobre el final creo que hubo uno rosa, así que dejé de pensar en eso como algo definitorio. Lo que también he pensado es que los mensajes sobre puntos y puntos extra eran una distracción tremenda.","none",0,"FALSO","verdes, rosas","","El participante dice que no llegó a pensar sobre una relación y solo comenta la frecuencia percibida de colores. Menciona que los mensajes sobre puntos eran una distracción, pero no afirma que algún color diera más/menos puntos ni establece un mapeo color-recompensa.",9,"FALSO"
"104","616335RM","orange","blue","C","Tan solo pensaba en ganar o perder puntos si aparecía un color","none",0,"FALSO","un color","unclear","El participante indica que pensaba en ganar o perder puntos cuando aparecía un color, lo que sugiere una relación color-puntos, pero no especifica qué color (naranja vs. azul) daba más o menos puntos.",87,"FALSO"
"105","617305abc8cde4cf0e08255b","blue","orange","L","La verdad que no he creído que se debía a nada en particular, sino que era parte del azar. En algún momento me he llegado a plantear que parecía que se ganaba más dinero cuando llevaba varias acertadas, pero no lo he asociado al color, porque al mirar hacia el centro para comprobar donde estaba el estímulo de color más la posición de la línea dentro del rombo no tenía mucho tiempo para poder fijarme en el color en sí, sino donde veía que se encontraba el que tenía un color distinto.","none",0,"FALSO","","","El participante niega una relación entre color y puntos, atribuyéndolo al azar y a rachas de aciertos; explícitamente dice que no lo ha asociado al color y que no tenía tiempo para fijarse en él. No indica ningún mapeo color-recompensa.",9,"FALSO"
"106","624042SJ","blue","orange","L","En general no he pensado en nada, pero al principio si intentaba buscarle la lógica pero luego he parado.","none",0,"FALSO","","","El participante dice que no ha pensado en nada y que dejó de buscar una lógica; no menciona colores ni una relación color-puntos/recompensa, ni un mapeo específico.",9,"FALSO"
"107","627441JW","pink","green","L","Pensé que dependia del azar para ver como reaciono en los ensayos siguientes segun si gané o perdi. ","none",0,"FALSO","","","El participante atribuye el resultado a ""azar"" y a cómo reacciona en ensayos siguientes según si ganó o perdió, sin mencionar colores ni una relación color-puntos.",93,"FALSO"
"108","630800QC","blue","orange","C","Pensaba que la letra jota estaba relacionada con el color naranja y que aparecían más R después del color naranja que del color azul ","none",0,"FALSO","naranja, azul","unclear","El participante menciona una relación entre el color (naranja vs. azul) y la aparición de letras (más R después del naranja), pero no menciona puntos/bonus/castigo ni un mapeo color?recompensa; por tanto solo sugiere una contingencia por color no relacionada explícitamente con la recompensa.",88,"FALSO"
"109","6397","orange","blue","L","Durante el experimento, ha habido algún ensayo en el que, al ver los puntos extras, he pensado que esto podría ocurrir después de que se presentase el estímulo distractor de color naranja, porque me ha dado la sensación de que sucedía después de que apareciera ese color. No obstante, no ha sido un aspecto que haya tenido en cuenta durante todo el experimento, ha sido más bien de manera espontánea y momentánea, pues estaba concentrada en responder bien a lo que se me pedía.","correct",1,"FALSO","color naranja","unclear","La participante sugiere que los puntos extra parecían ocurrir tras el distractor naranja (“podría ocurrir… después… de color naranja”), pero no afirma explícitamente que el naranja diera MÁS puntos que el otro color ni menciona el color alternativo o una comparación clara de mapeo.",85,"FALSO"
"110","6453c29faab6977890801023","blue","orange","L","Estaba tan concentrada en no perder puntos, que no llegué a considerar si dependía del color o no ","none",0,"FALSO","color","","La participante dice explícitamente que no llegó a considerar si los puntos dependían del color, sin indicar ningún mapeo color-recompensa ni afirmar que hubiera relación.",9,"FALSO"
"111","648b962b8fdb1fa686213ac1","orange","blue","C","Pensé que me estaban cagando y que sabían exactamente cuando me distraía para preguntar color","none",0,"FALSO","","","El participante expresa sospecha de que el sistema detectaba cuándo se distraía para preguntar el color, pero no menciona ningún color específico ni relaciona colores con más/menos puntos o castigos.",9,"FALSO"
"112","6497e970e2621e753513a695","green","pink","L","Durante el experimento, no pensé en este problema en absoluto. Este experimento fue muy interesante y estoy feliz de haber sido parte de él. ","none",0,"FALSO","","","El participante indica que no pensó en el problema en absoluto durante el experimento y no menciona colores ni una relación entre color y puntos/recompensa.",96,"FALSO"
"113","649dba79b97070557ebe3d0b","orange","blue","C","a menos de que me lo este imaginando note que con los distractores de color naranja, sin importar la orientacion del rombo se podian ganar/perder mas puntos extra comparado con el distractor azul","correct",1,"FALSO","naranja, azul","high_more","El participante indica que con distractores naranjas ""se podian ganar/perder mas puntos extra"" comparado con el distractor azul, lo que especifica explícitamente que el naranja daba más consecuencias de puntos que el azul. Esto coincide con el mapeo real (alta recompensa: naranja; baja: azul).",93,"FALSO"
"114","650dacdf4de6cd2dbe2efca7","orange","blue","L","Sí, en una ronda llegue a pensar que las que fallaba eran todas puntos extra.
","none",0,"FALSO","","","El participante menciona pensar que los fallos daban 'puntos extra', pero no menciona ningún color ni una relación color-puntos; atribuye los puntos a fallar, no al color del distractor.",9,"FALSO"
"115","651033d039c135459ac83d8f","pink","green","L","Los colores de color rosado tenian mayor puntaje de ganancia que los verdes, aunque los dos tenian puntos extra","correct",1,"FALSO","rosado y verdes","high_more","El participante afirma explícitamente que los distractores rosados tenían mayor puntaje de ganancia que los verdes, lo que coincide con el mapeo real (alta recompensa: pink; baja: green).",93,"FALSO"
"116","652807YU","blue","orange","C","La verdad es que no es algo en lo que haya pensado. Pensaba que era algo totalmente al azar y que se restaban o sumaban puntos de manera aleatoria
","none",0,"FALSO","","","El participante dice que pensaba que era “totalmente al azar” y que los puntos se sumaban/restaban de manera aleatoria, negando cualquier relación con el color y sin indicar ningún mapeo color-recompensa.",95,"FALSO"
"117","6550edd3c5d5a51c51ab1224","pink","green","L","El experimento fue un poco desafiante, pero me gustó el desafío. Hizo que mis ojos y manos se movieran más rápido de lo que pensé que podrían. Fue un gran experimento.","none",0,"VERDADERO","","","El participante solo comenta que el experimento fue desafiante y que movió ojos y manos más rápido; no menciona colores ni puntos/recompensa ni una relación color-puntos.",94,"FALSO"
"118","65b96f3bbecf5e7d0f5853cd","green","pink","L","Pues si pense que los puntos extras estaban relacionado con los circulos verdes y también si el puntaje era alto, era mas probable que el ensayo apareciera.","correct",1,"FALSO","circulos verdes","unclear","El participante indica que pensó que los puntos extra estaban relacionados con los círculos verdes, pero no afirma explícitamente que el verde diera MÁS (o MENOS) puntos en comparación con el otro color del par; tampoco menciona el rosa ni un mapeo direccional claro.",86,"FALSO"
"119","65bfeee402717f25d2f8ddae","green","pink","C","No, durante el experimento no pensé que dependieran de algo. De hecho pensaba que era al azar si habían puntos extra o no. No se me pasó por la mente que tuvieran relación con el color de los distractores.","none",0,"FALSO","color de los distractores","","El participante niega explícitamente cualquier relación entre puntos extra y el color, indicando que pensaba que era al azar y que no se le ocurrió que tuviera relación con el color de los distractores; no proporciona ningún mapeo color-recompensa.",98,"FALSO"
"120","65e60f3d21e5a18ab0ce11ef","orange","blue","L","Creo que en los momentos en donde aparecían colores eran los momentos de bonus de puntos, sin importar si era naranja o azul, pero personalmente creo que eran mas cantidad de puntos cuando el distractor era color naranja","correct",1,"FALSO","naranja o azul","high_more","El participante afirma explícitamente que ""eran mas cantidad de puntos cuando el distractor era color naranja"", lo que coincide con el mapeo real donde naranja es ALTA recompensa frente a azul (BAJA).",93,"FALSO"
"121","65f2f5ae1f9747ed36bd7226","orange","blue","L","Durante el experimento, pensé que los ensayos iban a depender de la velocidad en la que respondía correctamente. A mayor velocidad, mayor bono. Es la sensación que tuve mientras hacía el experimento.","none",0,"VERDADERO","","","Atribuye el bono a la velocidad de respuesta (“A mayor velocidad, mayor bono”) y no menciona ningún color ni una relación color?puntos.",95,"FALSO"
"122","66311bae532a469f4858933e","green","pink","C","No creí que estuvieran relacionadas las situaciones donde los puntos de los ensańos se multiplicaban por 10 y los colores de los distractores, aunque pienso que durante el experimento, me encontraba con una mayor cantidad de distractores verdes.","none",0,"FALSO","verdes","","El participante explícitamente niega que hubiera relación entre los puntos multiplicados por 10 y los colores de los distractores; solo comenta que vio más distractores verdes, sin vincular color con mayor/menor recompensa.",96,"FALSO"
"123","665dd7572d061d3ee4defd4e","green","pink","L","La verdad es que no. Yo me he limitado a seguir las instrucciones del experimento y hacer lo mejor posible en todo momento. En ningún momento se me ha pasado por la cabeza que podía haber relación entre el color del distractor con la cantidad de puntos, de hecho no le prestaba atención al color del distractor, solo me importaba si se presentaba o no.","none",0,"FALSO","color del distractor","","El participante niega explícitamente haber notado una relación entre el color del distractor y los puntos y afirma que no prestaba atención al color.",95,"FALSO"
"124","66676e9de30c99b6eaa0b5a3","orange","blue","L","none","none",0,"FALSO","","","El participante respondió literalmente ""none"", sin mencionar colores, puntos/recompensa ni ninguna relación color-recompensa.",99,"FALSO"
"125","66689a7d46d958da3b4cbc9b","orange","blue","L","Pensé que las ganancias extras podían ser por acertar varias seguidas.","none",0,"FALSO","","","Atribuye las ganancias extra a acertar varias seguidas (racha/desempeńo), sin mencionar colores ni una relación color-puntos.",9,"FALSO"
"126","666966e191c8b2160fedc2c9","pink","green","L","En ningún momento durante el experimento pensé sobre esta cuestión","none",0,"FALSO","","","El participante indica que no pensó en esta cuestión durante el experimento, sin mencionar colores ni relación entre color y puntos/recompensa.",93,"FALSO"
"127","666b12db1c593ca3d960946a","orange","blue","C","Al principio he pensado que quizás se repetían periódicamente cada cierto tiempo.
También he pensado en el efecto que tienen sobre la puntuación final, ya que hace que en cierto modo la comparativa de puntos sea injusta ya que de forma aleatoria algunos errores se pagan más caro que otros.
También he pensado que los niveles a los que se puede llegar simplemente son una forma de motivar a la gente a hacerlo mejor, y que la puntuación con que se desbloquea cada uno sea falsa y todo el mundo acabe en el último nivel para hacer la experiencia más agradable.","none",0,"FALSO","","","El participante habla de que los errores se pagan “de forma aleatoria” y que la puntuación puede ser falsa o motivacional, pero no menciona ningún color ni una relación específica color?puntos; más bien niega una contingencia sistemática.",9,"FALSO"
"128","666b25abec3b7792586f09ae","pink","green","C","no he pensado en ningún momento que el color podía tener relación, imaginaba que sería todo aleatorio","none",0,"FALSO","el color","","El participante niega haber pensado que el color tuviera relación con los puntos y dice que imaginaba que era todo aleatorio; no indica ningún mapeo color-recompensa.",95,"FALSO"
"129","66797190b58852a844a7dd8b","green","pink","C","No he pensado sobre esta cuestión.","none",0,"FALSO","","","El participante indica que no ha pensado sobre la cuestión, sin mencionar colores ni relación con puntos/recompensa.",95,"FALSO"
"130","667d868313d81a3a6616715b","pink","green","L","Solo sé que en el rosa ganaba o perdía más puntos.","correct",1,"FALSO","rosa","high_more","El participante afirma explícitamente que con el color rosa “ganaba o perdía más puntos”, indicando que ese color estaba asociado a una magnitud mayor de puntos (más recompensa/castigo). Esto coincide con el mapeo real donde rosa es el color de alta recompensa.",9,"FALSO"
"131","667eb800bfabc02fd55f525d","orange","blue","C","No recuerdo haber leído en las instrucciones del experimento lo de los puntos extras. O si lo he leído, lo he interpretado de otra manera. Cuando me ha aparecido por primera vez creia que era para distraer, al ser un color tan resaltado.","none",0,"FALSO","un color tan resaltado","","El participante dice no recordar haber leído lo de los puntos extra y que interpretó el color resaltado como una distracción; no indica ninguna relación color?puntos ni un mapeo específico (naranja vs azul).",9,"FALSO"
"132","66ae2d797f6f397345f66a83","blue","orange","L","none","none",0,"FALSO","","","El participante escribió literalmente ""none"", sin mencionar colores ni relación entre color y puntos/recompensa.",99,"FALSO"
"133","66ca0a6b19da058b82d8637d","blue","orange","L","No he pensado sobre esa cuestion durante el experimento ni tampoco he tenido ningun otro pensamiento durante el experimento","none",0,"FALSO","","","El participante dice que no pensó sobre la cuestión durante el experimento y no reporta haber notado ninguna relación entre color y puntos; no menciona colores ni recompensas.",93,"FALSO"
"134","66d4d4c9d991eff770dec514","pink","green","L","La verdad es que no pense para nada en esto por que estaba muy concentrado en obtener los puntos que ni pude hacer tiempo para pensar en un patron importante que me podria ayudar a resolver las tareas de mejor manera.","none",0,"FALSO","","","El participante dice que no pensó en ello y que estaba concentrado en obtener puntos; no menciona colores ni una relación color-puntos ni un mapeo específico.",93,"FALSO"
"135","66d5c9478a1903142fa4a5fa","blue","orange","C","Al principio pensaba que los ensayos en los que podía ganar puntos extras dependían de si respondía rápidamente, pero conforme el experimento iba avanzando pensé que las rondas en las que ganaba puntos extra eran totalmente al azar, ya que a veces respondía más tarde y aún así ganaba los puntos extras. En un momento también pensé que ganaba puntos extras si respondía varias rondas correctamente (por ejemplo 3 o 5 rondas seguidas respondidas correctamente)","none",0,"VERDADERO","","","El participante atribuye los puntos extra primero a responder rápido, luego dice que era “totalmente al azar”, y también considera rachas de respuestas correctas; no menciona ningún color ni una relación color?puntos.",95,"FALSO"
"136","66f2cda61eca757d3b81910a","orange","blue","L","Se me pasó por la cabeza que podría estar relacionado con el hecho de haber un distractor, cuando no había ningún distractor creo que no se daban puntos extras.","none",0,"FALSO","","","El participante no menciona ningún color ni un mapeo color?puntos. Atribuye los puntos extra a la presencia/ausencia de distractor (""cuando no había ningún distractor creo que no se daban puntos extras""), no a un color específico.",9,"FALSO"
"137","671e44416880325270334742","green","pink","L","No lo he pensando, y dudo.","none",0,"FALSO","","","El participante indica que no lo ha pensado y que duda; no menciona colores ni relación entre color y puntos/recompensa, ni propone ningún mapeo.",92,"FALSO"
"138","672035WB","blue","orange","L","Pensaba que los puntos extra eran al azar, no dependían de nada.","none",0,"FALSO","","","El participante dice explícitamente que los puntos extra eran “al azar” y “no dependían de nada”, negando cualquier relación con el color o un mapeo específico.",95,"FALSO"
"139","6735b697786ff1e56d0be0b7","orange","blue","L","Al principio pense que tenia que ver mas con el tiempo de reaccion, que si tenia que ver algo ya que cuando tardabas daba 0 puntos. Pero despues pense que era por rachas lo cual descarte rapidamente cuando vi que no habia patron. 
Pero realmente nunca pense que tuviera que ver con el color del distractor.
","none",0,"VERDADERO","color del distractor (sin especificar colores)","","El participante dice explícitamente que nunca pensó que los puntos tuvieran que ver con el color del distractor; atribuye los puntos inicialmente al tiempo de reacción y luego a rachas/patrón, pero concluye que no había patrón y niega relación con el color. No indica ningún mapeo color-recompensa.",95,"FALSO"
"140","673b187e361d9bf2c0bd04ea","pink","green","L","pienso que los ensayos en los q podia ganar puntos quizas tenian q ver con el distractor d color verde y en los q perdía puntos en el rosa. lo he pensado brevemente, tengo poca confianza en mi respuesta ya que me he dedicado a intentar pulsar bien J y B y C y M asi q no he pensado mucho mas en el tema d ganar o perder puntos","none",0,"FALSO","verde, rosa","low_more","El participante propone explícitamente que con distractor verde ganaba puntos y con rosa los perdía. El mapeo real era lo contrario (rosa = alta recompensa, verde = baja), por lo que su mapeo es incorrecto.",9,"FALSO"
"141","680812LT","orange","blue","C","A medida que avanzaba el experimento, me di cuenta de que por muy rápido que respondiera en todas, el azul nunca me iba a dar tantos puntos como con el naranja. Y en la perdida de puntos pasaba igual; cuando fallaba con los naranjas, me restaban muchos mas puntos que con fallos en el azul.
E incluso, cuando no había ningún color, la respuesta acertada o fallada, no me daban/quitaban tantos puntos como con el naranja.
Lo que si es verdad, es que según lo que tardara en responder, tanto si acertaba como si fallaba, los puntos que conseguía/perdia eran mayor cuanto menos tardaba en responder.","correct",1,"VERDADERO","azul, naranja","high_more","El participante indica explícitamente que el naranja daba más puntos que el azul y que al fallar con naranja restaban más puntos que con azul, lo que implica que el color naranja estaba asociado a una magnitud mayor de recompensa/castigo. También menciona que la rapidez modulaba los puntos, pero mantiene el mapeo por color (naranja > azul).",94,"FALSO"
"142","688553YH","orange","blue","L","No he pensado sobre las relaciones pues estaba demasiado inmersa en hacer bien la tarea","none",0,"FALSO","","","La participante dice que no pensó sobre posibles relaciones porque estaba enfocada en hacer bien la tarea; no menciona colores ni una relación color-puntos.",93,"FALSO"
"143","706832CB","pink","green","L","No pensé en ningún momento sobre ello.","none",0,"FALSO","","","El participante afirma que no pensó en ello en ningún momento, sin mencionar colores, puntos ni una relación color-recompensa.",95,"FALSO"
"144","740578MJ","blue","orange","L","He pensado que la puntuación extra se debía a qué el distractor se encontraba en un lado y el rombo se encontraba en el punto ciego, por eso la puntuación extra. Al igual que cuando no se encontraba ningún distractor tampoco había puntuación extra.","none",0,"FALSO","","","Atribuye la puntuación extra a la posición (lado/punto ciego) y a la presencia/ausencia de distractor, sin mencionar colores ni una relación color-puntos.",94,"FALSO"
"145","745720MS","pink","green","C","No he detectado ningún patrón en concreto, pero si que me daba cuenta que a veces aunque creía que había tardado más en darle, ganaba más puntos que otras veces que había sido más rápida. Y viendo la cantidad de puntos que me quitaban cuando me equivocaba veía que debía depender de algo más allá del tiempo, porque no me cuadraba.","none",0,"VERDADERO","","","El participante dice explícitamente que no ha detectado ningún patrón y no menciona colores ni un mapeo color-puntos; solo comenta que los puntos no parecían depender únicamente del tiempo/rapidez y que debía depender de algo más.",9,"FALSO"
"146","746677FD","blue","orange","L","Yo pensaba que los puntos que ganaba se basaban en el RT de mi respuesta, es decir, que si contestaba más rápido ganaba más puntos que si contestaba más tarde. Luego, si perdía puntos creía que perdía más si contestaba tarde y además, lo hacía mal, pero si contestaba rápido y fallaba, perdía menos puntos.","none",0,"VERDADERO","","","El participante atribuye explícitamente la ganancia/pérdida de puntos al tiempo de reacción (RT) y al acierto/error, sin mencionar ningún color ni una relación color?puntos.",95,"FALSO"
"147","752354KU","orange","blue","C","Los puntos extras salían cuando el circulo era naranja, ganabas muchos más puntos cuando era naranja que cuando era azul. aunque cuando salía la R no creo que importara tanto el color.","correct",1,"FALSO","naranja, azul","high_more","El participante indica explícitamente que los puntos extras salían cuando el círculo era naranja y que ganabas muchos más puntos cuando era naranja que cuando era azul, lo que coincide con el mapeo real (alta recompensa = naranja, baja = azul).",95,"FALSO"
"148","754725AE","pink","green","C","Sentía que cada vez que me confundía, siempre se trataba de puntos extras, porque cada vez que fallaba me quitaban muchísimos puntos.","none",0,"FALSO","","","El participante habla de que al fallar le quitaban muchos puntos y que parecía tratarse de puntos extra, pero no menciona ningún color ni una relación específica entre color y puntos.",9,"FALSO"
"149","770031BJ","orange","blue","L","No había pensado en que estuviese relacionado con nada","none",0,"FALSO","","","El participante indica que no había pensado que estuviese relacionado con nada, negando implícitamente que hubiera una relación entre color y puntos/recompensa; no menciona colores ni un mapeo específico.",93,"FALSO"
"150","771847PM","orange","blue","C","NO lo tengo muy claro ","none",0,"FALSO","","","El participante dice “NO lo tengo muy claro” y no menciona colores ni una relación entre color y puntos/recompensa, ni establece un mapeo específico.",93,"FALSO"
"151","806173HG","pink","green","C","Yo sentia que me salian mejor los rosas,no se si el color llamaba mas mi atencion o que. Ademas, las veces en las que mas solia fallar la barra horizontal del rombo eran cuando el color era verde. Creo que me motivaba mas con el color rosa porque daba mas puntos","correct",1,"FALSO","rosas, verde","high_more","El participante afirma explícitamente que el color rosa “daba mas puntos” y contrasta con verde, lo cual coincide con el mapeo real (alta recompensa: rosa; baja: verde).",94,"FALSO"
"152","807434IL","orange","blue","C","Realmente no pensé en los puntos extras pero lo que sí llegué a pensar es que los rombos podrían tener algún tipo de serie que haga que las respuestas sean más predecibles al conocer de dicho código o a lo mejor solamente fue mera coincidencia","none",0,"FALSO","","","El participante dice que no pensó en los puntos extra y solo especula sobre una posible “serie/código” o que fue coincidencia; no menciona colores ni un mapeo color?puntos.",9,"FALSO"
"153","807474IP","green","pink","L","Me puse a pensar en si dependía de la rapidez con la que repondía la opción correcta, pero me fijé en disitntos ensayos que hice y no parecía ser esta la causa, así que asumí que la puntuación estaba aleatorizada.","none",0,"VERDADERO","","","Atribuye inicialmente la puntuación a la rapidez, pero concluye que no era la causa y asume que la puntuación estaba aleatorizada; no menciona ningún color ni relación color-puntos.",92,"FALSO"
"154","823688RR","pink","green","C","none","none",0,"FALSO","","","El participante respondió ""none"", sin mencionar colores ni una relación entre color y puntos/recompensa.",99,"FALSO"
"155","826775II","pink","green","L","Pensaba que eran totalmente aleatorios. No me he fijado mucho en eso, simplemente me alegraba cuando recibía puntos extra.","none",0,"FALSO","","","El participante afirma que pensaba que los puntos eran “totalmente aleatorios” y que no se fijó en una relación; no menciona ningún color ni mapeo color?recompensa.",95,"FALSO"
"156","828565SG","green","pink","C","He percibido que durante los distractores verdes se multiplicaban por 10 la cantidad de puntos que perdía o ganaba.","correct",1,"FALSO","verdes","high_more","Indica explícitamente que con distractores verdes los puntos ganados o perdidos se multiplicaban por 10, es decir, asocia el color verde con un mayor impacto en puntos (más recompensa/castigo), lo que coincide con que verde era el color de alta recompensa para este participante.",93,"FALSO"
"157","8536","orange","blue","C","pienso que los colores eran para distraer , pero por ejemplo para mi es mas llamativo el color naranja y cuando salia tardaba mas en responder porque me fijaba mas antes en el , por lo cual o falla o era mas 0 porque claro no me daba tiempo .","none",0,"VERDADERO","naranja","unclear","El participante atribuye los puntos/cero a que el color naranja le hacía tardar más y por eso fallaba o no le daba tiempo, no a un mapeo fijo de puntos por color; además dice que los colores eran para distraer y no menciona que naranja (u otro color) diera más/menos puntos por sí mismo.",9,"FALSO"
"158","860544TK","pink","green","L","none","none",0,"FALSO","","","El participante respondió literalmente ""none"", sin mencionar colores, puntos/recompensa ni ninguna relación color-recompensa.",99,"FALSO"
"159","877413WG","orange","blue","C","Yo creo que pueden depender del color, en el caso del naranja es cuando se recibían o se restaban los puntos extra. Y también quizá podía depender de dónde estuviese posicionado tanto el distractor como el estimulo (el rombo) y dependiendo de la dificultad, se contaban los puntos extra o no","correct",1,"FALSO","naranja","unclear","El participante sugiere que los puntos extra podían depender del color y menciona específicamente el naranja como asociado a recibir o restar puntos extra, pero no afirma explícitamente que el naranja diera MÁS (alta recompensa) frente al otro color; además introduce otras posibles explicaciones (posición/dificultad), dejando el mapeo específico ambiguo.",82,"FALSO"
"160","888631JA","green","pink","C","No he pensado sobre esta cuestión durante el experimento.","none",0,"FALSO","","","El participante indica que no pensó sobre la cuestión durante el experimento y no menciona colores ni relación alguna entre color y puntos.",93,"FALSO"
